{"0":{"0":0,"1":0.3,"2":0.6,"3":0.9,"4":1.2,"5":1.5,"6":1.8,"7":2.1,"8":2.4,"9":2.7,"10":3,"11":3.3,"12":3.6,"13":3.9,"14":4.2,"15":4.5,"16":4.8,"0.5":0.15,"1.5":0.45,"2.5":0.75,"3.5":1.05,"4.5":1.35,"5.5":1.65,"6.5":1.95,"7.5":2.25,"8.5":2.55,"9.5":2.85,"10.5":3.15,"11.5":3.45,"12.5":3.75,"13.5":4.05,"14.5":4.35,"15.5":4.65},"1":{"0":0,"1":0.31375,"2":0.6275,"3":0.94125,"4":1.255,"5":1.56875,"6":1.8825,"7":2.19625,"8":2.51,"9":2.82375,"10":3.1375,"11":3.45125,"12":3.765,"13":4.07875,"14":4.3925,"15":4.70625,"16":5.02,"0.5":0.156875,"1.5":0.470625,"2.5":0.784375,"3.5":1.098125,"4.5":1.411875,"5.5":1.725625,"6.5":2.039375,"7.5":2.353125,"8.5":2.666875,"9.5":2.980625,"10.5":3.294375,"11.5":3.608125,"12.5":3.921875,"13.5":4.235625,"14.5":4.549375,"15.5":4.863125},"2":{"0":0,"1":0.325,"2":0.65,"3":0.975,"4":1.3,"5":1.625,"6":1.95,"7":2.275,"8":2.6,"9":2.925,"10":3.25,"11":3.575,"12":3.9,"13":4.225,"14":4.55,"15":4.875,"16":5.2,"0.5":0.1625,"1.5":0.4875,"2.5":0.8125,"3.5":1.1375,"4.5":1.4625,"5.5":1.7875,"6.5":2.1125,"7.5":2.4375,"8.5":2.7625,"9.5":3.0875,"10.5":3.4125,"11.5":3.7375,"12.5":4.0625,"13.5":4.3875,"14.5":4.7125,"15.5":5.0375},"3":{"0":0,"1":0.33875,"2":0.6775,"3":1.01625,"4":1.355,"5":1.69375,"6":2.0325,"7":2.37125,"8":2.71,"9":3.04875,"10":3.3875,"11":3.72625,"12":4.065,"13":4.40375,"14":4.7425,"15":5.08125,"16":5.42,"0.5":0.169375,"1.5":0.508125,"2.5":0.846875,"3.5":1.185625,"4.5":1.524375,"5.5":1.863125,"6.5":2.201875,"7.5":2.540625,"8.5":2.879375,"9.5":3.218125,"10.5":3.556875,"11.5":3.895625,"12.5":4.234375,"13.5":4.573125,"14.5":4.911875,"15.5":5.250625},"4":{"0":0,"1":0.35,"2":0.7,"3":1.05,"4":1.4,"5":1.75,"6":2.1,"7":2.45,"8":2.8,"9":3.15,"10":3.5,"11":3.85,"12":4.2,"13":4.55,"14":4.9,"15":5.25,"16":5.6,"0.5":0.175,"1.5":0.525,"2.5":0.875,"3.5":1.225,"4.5":1.575,"5.5":1.925,"6.5":2.275,"7.5":2.625,"8.5":2.975,"9.5":3.325,"10.5":3.675,"11.5":4.025,"12.5":4.375,"13.5":4.725,"14.5":5.075,"15.5":5.425},"5":{"0":0,"1":0.3625,"2":0.725,"3":1.0875,"4":1.45,"5":1.8125,"6":2.175,"7":2.5375,"8":2.9,"9":3.2625,"10":3.625,"11":3.9875,"12":4.35,"13":4.7125,"14":5.075,"15":5.4375,"16":5.8,"0.5":0.18125,"1.5":0.54375,"2.5":0.90625,"3.5":1.26875,"4.5":1.63125,"5.5":1.99375,"6.5":2.35625,"7.5":2.71875,"8.5":3.08125,"9.5":3.44375,"10.5":3.80625,"11.5":4.16875,"12.5":4.53125,"13.5":4.89375,"14.5":5.25625,"15.5":5.61875},"6":{"0":0,"1":0.37625,"2":0.7525,"3":1.12875,"4":1.505,"5":1.88125,"6":2.2575,"7":2.63375,"8":3.01,"9":3.38625,"10":3.7625,"11":4.13875,"12":4.515,"13":4.89125,"14":5.2675,"15":5.64375,"16":6.02,"0.5":0.188125,"1.5":0.564375,"2.5":0.940625,"3.5":1.316875,"4.5":1.693125,"5.5":2.069375,"6.5":2.445625,"7.5":2.821875,"8.5":3.198125,"9.5":3.574375,"10.5":3.950625,"11.5":4.326875,"12.5":4.703125,"13.5":5.079375,"14.5":5.455625,"15.5":5.831875},"7":{"0":0,"1":0.38875,"2":0.7775,"3":1.16625,"4":1.555,"5":1.94375,"6":2.3325,"7":2.72125,"8":3.11,"9":3.49875,"10":3.8875,"11":4.27625,"12":4.665,"13":5.05375,"14":5.4425,"15":5.83125,"16":6.22,"0.5":0.194375,"1.5":0.583125,"2.5":0.971875,"3.5":1.360625,"4.5":1.749375,"5.5":2.138125,"6.5":2.526875,"7.5":2.915625,"8.5":3.304375,"9.5":3.693125,"10.5":4.081875,"11.5":4.470625,"12.5":4.859375,"13.5":5.248125,"14.5":5.636875,"15.5":6.025625},"8":{"0":0,"1":0.401875,"2":0.80375,"3":1.205625,"4":1.6075,"5":2.009375,"6":2.41125,"7":2.813125,"8":3.215,"9":3.616875,"10":4.01875,"11":4.420625,"12":4.8225,"13":5.224375,"14":5.62625,"15":6.028125,"16":6.43,"0.5":0.200938,"1.5":0.602813,"2.5":1.004688,"3.5":1.406563,"4.5":1.808438,"5.5":2.210313,"6.5":2.612188,"7.5":3.014063,"8.5":3.415938,"9.5":3.817813,"10.5":4.219688,"11.5":4.621563,"12.5":5.023438,"13.5":5.425313,"14.5":5.827188,"15.5":6.229063},"9":{"0":0,"1":0.416875,"2":0.83375,"3":1.250625,"4":1.6675,"5":2.084375,"6":2.50125,"7":2.918125,"8":3.335,"9":3.751875,"10":4.16875,"11":4.585625,"12":5.0025,"13":5.419375,"14":5.83625,"15":6.253125,"16":6.67,"0.5":0.208438,"1.5":0.625313,"2.5":1.042188,"3.5":1.459063,"4.5":1.875938,"5.5":2.292813,"6.5":2.709688,"7.5":3.126563,"8.5":3.543438,"9.5":3.960313,"10.5":4.377188,"11.5":4.794063,"12.5":5.210938,"13.5":5.627813,"14.5":6.044688,"15.5":6.461563},"10":{"0":0,"1":0.43125,"2":0.8625,"3":1.29375,"4":1.725,"5":2.15625,"6":2.5875,"7":3.01875,"8":3.45,"9":3.88125,"10":4.3125,"11":4.74375,"12":5.175,"13":5.60625,"14":6.0375,"15":6.46875,"16":6.9,"0.5":0.215625,"1.5":0.646875,"2.5":1.078125,"3.5":1.509375,"4.5":1.940625,"5.5":2.371875,"6.5":2.803125,"7.5":3.234375,"8.5":3.665625,"9.5":4.096875,"10.5":4.528125,"11.5":4.959375,"12.5":5.390625,"13.5":5.821875,"14.5":6.253125,"15.5":6.684375},"11":{"0":0,"1":0.445625,"2":0.89125,"3":1.336875,"4":1.7825,"5":2.228125,"6":2.67375,"7":3.119375,"8":3.565,"9":4.010625,"10":4.45625,"11":4.901875,"12":5.3475,"13":5.793125,"14":6.23875,"15":6.684375,"16":7.13,"0.5":0.222813,"1.5":0.668438,"2.5":1.114063,"3.5":1.559688,"4.5":2.005313,"5.5":2.450938,"6.5":2.896563,"7.5":3.342188,"8.5":3.787813,"9.5":4.233438,"10.5":4.679063,"11.5":5.124688,"12.5":5.570313,"13.5":6.015938,"14.5":6.461563,"15.5":6.907188},"12":{"0":0,"1":0.460625,"2":0.92125,"3":1.381875,"4":1.8425,"5":2.303125,"6":2.76375,"7":3.224375,"8":3.685,"9":4.145625,"10":4.60625,"11":5.066875,"12":5.5275,"13":5.988125,"14":6.44875,"15":6.909375,"16":7.37,"0.5":0.230313,"1.5":0.690938,"2.5":1.151563,"3.5":1.612188,"4.5":2.072813,"5.5":2.533438,"6.5":2.994063,"7.5":3.454688,"8.5":3.915313,"9.5":4.375938,"10.5":4.836563,"11.5":5.297188,"12.5":5.757813,"13.5":6.218438,"14.5":6.679063,"15.5":7.139688},"13":{"0":0,"1":0.475,"2":0.95,"3":1.425,"4":1.9,"5":2.375,"6":2.85,"7":3.325,"8":3.8,"9":4.275,"10":4.75,"11":5.225,"12":5.7,"13":6.175,"14":6.65,"15":7.125,"16":7.6,"0.5":0.2375,"1.5":0.7125,"2.5":1.1875,"3.5":1.6625,"4.5":2.1375,"5.5":2.6125,"6.5":3.0875,"7.5":3.5625,"8.5":4.0375,"9.5":4.5125,"10.5":4.9875,"11.5":5.4625,"12.5":5.9375,"13.5":6.4125,"14.5":6.8875,"15.5":7.3625},"14":{"0":0,"1":0.49,"2":0.98,"3":1.47,"4":1.96,"5":2.45,"6":2.94,"7":3.43,"8":3.92,"9":4.41,"10":4.9,"11":5.39,"12":5.88,"13":6.37,"14":6.86,"15":7.35,"16":7.84,"0.5":0.245,"1.5":0.735,"2.5":1.225,"3.5":1.715,"4.5":2.205,"5.5":2.695,"6.5":3.185,"7.5":3.675,"8.5":4.165,"9.5":4.655,"10.5":5.145,"11.5":5.635,"12.5":6.125,"13.5":6.615,"14.5":7.105,"15.5":7.595},"15":{"0":0,"1":0.5075,"2":1.015,"3":1.5225,"4":2.03,"5":2.5375,"6":3.045,"7":3.5525,"8":4.06,"9":4.5675,"10":5.075,"11":5.5825,"12":6.09,"13":6.5975,"14":7.105,"15":7.6125,"16":8.12,"0.5":0.25375,"1.5":0.76125,"2.5":1.26875,"3.5":1.77625,"4.5":2.28375,"5.5":2.79125,"6.5":3.29875,"7.5":3.80625,"8.5":4.31375,"9.5":4.82125,"10.5":5.32875,"11.5":5.83625,"12.5":6.34375,"13.5":6.85125,"14.5":7.35875,"15.5":7.86625},"16":{"0":0,"1":0.525,"2":1.05,"3":1.575,"4":2.1,"5":2.625,"6":3.15,"7":3.675,"8":4.2,"9":4.725,"10":5.25,"11":5.775,"12":6.3,"13":6.825,"14":7.35,"15":7.875,"16":8.4,"0.5":0.2625,"1.5":0.7875,"2.5":1.3125,"3.5":1.8375,"4.5":2.3625,"5.5":2.8875,"6.5":3.4125,"7.5":3.9375,"8.5":4.4625,"9.5":4.9875,"10.5":5.5125,"11.5":6.0375,"12.5":6.5625,"13.5":7.0875,"14.5":7.6125,"15.5":8.1375},"17":{"0":0,"1":0.53875,"2":1.0775,"3":1.61625,"4":2.155,"5":2.69375,"6":3.2325,"7":3.77125,"8":4.31,"9":4.84875,"10":5.3875,"11":5.92625,"12":6.465,"13":7.00375,"14":7.5425,"15":8.08125,"16":8.62,"0.5":0.269375,"1.5":0.808125,"2.5":1.346875,"3.5":1.885625,"4.5":2.424375,"5.5":2.963125,"6.5":3.501875,"7.5":4.040625,"8.5":4.579375,"9.5":5.118125,"10.5":5.656875,"11.5":6.195625,"12.5":6.734375,"13.5":7.273125,"14.5":7.811875,"15.5":8.350625},"18":{"0":0,"1":0.55375,"2":1.1075,"3":1.66125,"4":2.215,"5":2.76875,"6":3.3225,"7":3.87625,"8":4.43,"9":4.98375,"10":5.5375,"11":6.09125,"12":6.645,"13":7.19875,"14":7.7525,"15":8.30625,"16":8.86,"0.5":0.276875,"1.5":0.830625,"2.5":1.384375,"3.5":1.938125,"4.5":2.491875,"5.5":3.045625,"6.5":3.599375,"7.5":4.153125,"8.5":4.706875,"9.5":5.260625,"10.5":5.814375,"11.5":6.368125,"12.5":6.921875,"13.5":7.475625,"14.5":8.029375,"15.5":8.583125},"19":{"0":0,"1":0.573248,"2":1.146497,"3":1.719745,