{
	"0":
		{ 	
			"0":0.00, 
			“0.5”:0.15, 
			“1”:0.3, 
			"1.5":0.45, 
			“2”:0.6, 
			"2.5":0.75, 
			“3”:0.9, 
			"3.5":1.05, 
			“4”:1.2, 
			"4.5":1.35, 
			“5”:1.5, 
			"5.5":1.65, 
			“6”:1.8, 
			"6.5":1.95, 
			“7”:2.1, 
			"7.5":2.25, 
			“8”:2.4, 
			"8.5":2.55, 
			“9”:2.7, 
			"9.5":2.85, 
			“10”:3, 
			"10.5":3.15, 
			“11”:3.3, 
			"11.5":3.45, 
			“12”:3.6, 
			"12.5":3.75, 
			“13”:3.9, 
			"13.5":4.05, 
			“14”:4.2, 
			"14.5":4.35, 
			“15”:4.5, 
			"15.5":4.65, 
			“16”:4.8
		},
	"1":
		{ 
			“0”:0.00, 
			"0.5":0.156875, 
			“1”:0.31375, 
			"1.5":0.470625, 
			“2”:0.6275, 
			"2.5":0.784375, 
			“3”:0.94125, 
			"3.5":1.098125, 
			“4”:1.255, 
			“4.5”:1.411875, 
			“5”:1.56875, 
			"5.5":1.725625, 
			“6”:1.8825, 
			"6.5":2.039375, 
			“7”:2.19625, 
			"7.5":2.353125, 
			“8”:2.51, 
			"8.5":2.666875, 
			“9”:2.82375, 
			"9.5":2.980625, 
			“10”:3.1375, 
			"10.5":3.294375, 
			“11”:3.45125, 
			"11.5":3.608125, 
			“12”:3.765, 
			"12.5":3.921875, 
			“13”:4.07875, 
			"13.5":4.235625, 
			“14”:4.3925, 
			"14.5":4.549375, 
			“15”:4.70625, 
			"15.5":4.863125, 
			"16”:5.02
		},
	"2":
		{ 
			"0":0.00, 
			"0.5":0.1625, 
			"1":0.325, 
			"1.5":0.4875, 
			"2":0.65, 
			"2.5":0.8125, 
			"3":0.975, 
			"3.5":1.1375, 
			"4":1.3,
			"4.5":1.4625, 
			"5":1.625, 
			"5.5":1.7875, 
			"6":1.95, 
			"6.5":2.1125, 
			"7":2.275, 
			"7.5":2.4375, 
			"8":2.6, 
			"8.5":2.7625, 
			"9":2.925,
			"9.5":3.0875, 
			"10":3.25, 
			"10.5":3.4125, 
			"11":3.575, 
			"11.5":3.7375, 
			"12":3.9, 
			"12.5":4.0625, 
			"13":4.225, 
			"13.5":4.3875,
			"14":4.55, 
			"14.5":4.7125, 
			"15":4.875, 
			"15.5":5.0375,
			"16”:5.2
		}, 
	"3":
		{ 
			"0":0.00, 
			"0.5":0.169375, 
			"1":0.33875, 
			"1.5":0.508125,
			"2":0.6775, 
			"2.5":0.846875, 
			"3":1.01625, 
			"3.5":1.185625, 
			"4":1.355, 
			"4.5":1.524375, 
			"5":1.69375, 
			"5.5":1.863125,
			"6":2.0325, 
			"6.5":2.201875, 
			"7":2.37125, 
			"7.5":2.540625, 
			"8":2.71, 
			"8.5":2.879375, 
			"9":3.04875, 
			"9.5":3.218125,
			"10":3.3875, 
			"10.5":3.556875, 
			"11":3.72625, 
			"11.5":3.895625, 
			"12":4.065, 
			"12.5":4.234375, 
			"13":4.40375,
			"13.5":4.573125, 
			"14":4.7425, 
			"14.5":4.911875, 
			"15":5.08125, 
			"15.5":5.250625,
			"16”:5.42
		},
	"4":
		{ 
			"0":0.00, 
			"0.5":0.175, 
			"1":0.35,
			"1.5":0.525, 
			"2":0.7, 
			"2.5":0.875, 
			"3":1.05, 
			"3.5":1.225, 
			"4":1.4, 
			"4.5":1.575, 
			"5":1.75, 
			"5.5":1.925, 
			"6":2.1, 
			"6.5":2.275,
			"7":2.45, 
			"7.5":2.625, 
			"8":2.8, 
			"8.5":2.975, 
			"9":3.15, 
			"9.5":3.325, 
			"10":3.5, 
			"10.5":3.675, 
			"11":3.85, 
			"11.5":4.025,
			"12":4.2, 
			"12.5":4.375, 
			"13":4.55, 
			"13.5":4.725, 
			"14":4.9, 
			"14.5":5.075, 
			"15":5.25, 
			"15.5":5.425,
			"16”:5.6,
		},
	"5":
		{ 
			"0":0.00,
			"0.5":0.18125, 
			"1":0.3625, 
			"1.5":0.54375, 
			"2":0.725, 
			"2.5":0.90625, 
			"3":1.0875, 
			"3.5":1.26875, 
			"4":1.45, 
			"4.5":1.63125,
			"5":1.8125, 
			"5.5":1.99375, 
			"6":2.175, 
			"6.5":2.35625, 
			"7":2.5375, 
			"7.5":2.71875, 
			"8":2.9, 
			"8.5":3.08125, 
			"9":3.2625,
			"9.5":3.44375, 
			"10":3.625, 
			"10.5":3.80625, 
			"11":3.9875, 
			"11.5":4.16875, 
			"12":4.35, 
			"12.5":4.53125, 
			"13":4.7125,
			"13.5":4.89375, 
			"14":5.075, 
			"14.5":5.25625, 
			"15":5.4375, 
			"15.5":5.61875,
			"16”:5.8
		},
	"6":
		{
			"0":0.00, 
			"0.5":0.188125, 
			"1":0.37625,
			"1.5":0.564375, 
			"2":0.7525, 
			"2.5":0.940625, 
			"3":1.12875, 
			"3.5":1.316875, 
			"4":1.505, 
			"4.5":1.693125, 
			"5":1.88125,
			"5.5":2.069375, 
			"6":2.2575, 
			"6.5":2.445625, 
			"7":2.63375, 
			"7.5":2.821875, 
			"8":3.01, 
			"8.5":3.198125, 
			"9":3.38625,
			"9.5":3.574375, 
			"10":3.7625, 
			"10.5":3.950625, 
			"11":4.13875, 
			"11.5":4.326875, 
			"12":4.515, 
			"12.5":4.703125,
			"13":4.89125, 
			"13.5":5.079375, 
			"14":5.2675, 
			"14.5":5.455625, 
			"15":5.64375, 
			"15.5":5.831875,
			"16”:6.02
		},
	"7": 
		{ 
			"0":0.00, 
			"0.5":0.194375, 
			"1":0.38875, 
			"1.5":0.583125, 
			"2":0.7775, 
			"2.5":0.971875, 
			"3":1.16625, 
			"3.5":1.360625, 
			"4":1.555, 
			"4.5":1.749375, 
			"5":1.94375, 
			"5.5":2.138125, 
			"6":2.3325, 
			"6.5":2.526875, 
			"7":2.72125, 
			"7.5":2.915625, 
			"8":3.11, 
			"8.5":3.304375, 
			"9":3.49875, 
			"9.5":3.693125, 
			"10":3.8875, 
			"10.5":4.081875, 
			"11":4.27625, 
			"11.5":4.470625, 
			"12":4.665, 
			"12.5":4.859375, 
			"13":5.05375, 
			"13.5":5.248125, 
			"14":5.4425, 
			"14.5":5.636875, 
			"15":5.83125, 
			"15.5":6.025625,
			"16”:6.22 
		}, 
	"8": 
		{ 
			"0":0.00, 
			"0.5":0.200938, 
			"1":0.401875, 
			"1.5":0.602813, 
			"2":0.80375, 
			"2.5":1.004688, 
			"3":1.205625, 
			"3.5":1.406563, 
			"4":1.6075, 
			"4.5":1.808438, 
			“5”:2.009375, 
			"5.5":2.210313,
			"6":2.41125, 
			"6.5":2.612188, 
			"7":2.813125, 
			"7.5":3.014063, 
			"8":3.215, 
			“8.5”:3.415938, 
			"9":3.616875, 
			"9.5":3.817813, 
			"10":4.01875, 
			"10.5":4.219688, 
			"11":4.420625, 
			"11.5":4.621563, 
			"12":4.8225, 
			"12.5":5.023438, 
			"13":5.224375, 
			"13.5":5.425313, 
			"14":5.62625, 
			"14.5":5.827188, 
			"15":6.028125, 
			"15.5": 6.229063,
			"16”:6.43 
		}, 
	"9": 
		{
			"0":0.00,
			"0.5":0.208438,
			"1":0.416875,
			"1.5":0.625313,
			"2":0.83375,
			"2.5":1.042188,
			"3":1.250625,
			"3.5":1.459063,
			"4":1.6675,
			"4.5":1.875938,
			"5":2.084375,
			"5.5":2.292813,
			"6":2.50125,
			"6.5":2.709688,
			"7":2.918125,
			"7.5":3.126563,
			"8":3.335,
			"8.5":3.543438,
			"9":3.751875,
			"9.5":3.960313,
			"10":4.16875,
			"10.5":4.377188,
			"11":4.585625,
			"11.5":4.794063,
			"12":5.0025,
			"12.5":5.210938,
			"13":5.419375,
			"13.5":5.627813,
			"14":5.83625,
			"14.5":6.044688,
			"15":6.253125,
			"15.5":6.461563,
			"16”:6.67,
		},
	"10": 
		{
			"0":0.00,
			"0.5":0.215625,
			"1":0.43125,
			"1.5":0.646875,
			"2":0.8625,
			"2.5":1.078125,
			"3":1.29375,
			"3.5":1.509375,
			"4":1.725,
			"4.5":1.940625,
			"5":2.15625,
			"5.5":2.371875,
			"6":2.5875,
			"6.5":2.803125,
			"7":3.01875,
			"7.5":3.234375,
			"8":3.45,
			"8.5":3.665625,
			"9":3.88125,
			"9.5":4.096875,
			"10":4.3125,
			"10.5":4.528125,
			"11":4.74375,
			"11.5":4.959375,
			"12":5.175,
			"12.5":5.390625,
			"13":5.60625,
			"13.5":5.821875,
			"14":6.0375,
			"14.5":6.253125,
			"15":6.46875,
			"15.5":6.684375,
			"16”:6.9
		},
	"11":
		{
			"0":0.00,
			"0.5":0.222813,
			"1":0.445625,
			"1.5":0.668438,
			"2":0.89125,
			"2.5":1.114063,
			"3":1.336875,
			"3.5":1.559688,
			"4":1.7825,
			"4.5":2.005313,
			"5":2.228125,
			"5.5":2.450938,
			"6":2.67375,
			"6.5":2.896563,
			"7":3.119375,
			"7.5":3.342188,
			"8":3.565,
			"8.5":3.787813,
			"9":4.010625,
			"9.5":4.233438,
			"10":4.45625,
			"10.5":4.679063,
			"11":4.901875,
			"11.5":5.124688,
			"12":5.3475,
			"12.5":5.570313,
			"13":5.793125,
			"13.5":6.015938,
			"14":6.23875,
			"14.5":6.461563,
			"15":6.684375,
			"15.5":6.907188,
			"16”:7.13
		},
	"12":
		{
			"0":0.00, 
			"0.5":0.230313, 
			"1":0.460625, 
			"1.5":0.690938, 
			"2":0.92125, 
			"2.5":1.151563, 
			"3":1.381875, 
			"3.5":1.612188, 
			"4":1.8425, 
			"4.5":2.072813, 
			"5":2.303125, 
			"5.5":2.533438, 
			"6":2.76375, 
			"6.5":2.994063, 
			"7":3.224375, 
			"7.5":3.454688, 
			"8":3.685, 
			"8.5":3.915313, 
			"9":4.145625, 
			"9.5":4.375938, 
			"10":4.60625, 
			"10.5":4.836563, 
			"11":5.066875, 
			"11.5":5.297188, 
			"12":5.5275, 
			"12.5":5.757813,
			"13":5.988125, 
			"13.5":6.218438, 
			"14":6.44875, 
			"14.5":6.679063, 
			"15":6.909375, 
			"15.5":7.139688,
			"16”:7.37
		}, 
	"13":
		{
			“0”:0.00,
			"0.5":0.2375,
			"1":0.475,
			"1.5":0.7125,
			"2":0.95,
			"2.5":1.1875,
			"3":1.425,
			"3.5":1.6625,
			"4":1.9,
			"4.5":2.1375,
			"5":2.375,
			"5.5":2.6125,
			"6":2.85,
			"6.5":3.0875,
			"7":3.325,
			"7.5":3.5625,
			"8":3.8,
			"8.5":4.0375,
			"9":4.275,