{
	"0": { "0.5":0.00, "1":0.15, "1.5":0.3, "2":0.45, "2.5":0.6, "3":0.75, "3.5":0.9, "4":1.05, "4.5":1.2, "5":1.35, "5.5":1.5, "6":1.65, "6.5":1.8, "7":1.95, "7.5":2.1, "8":2.25, "8.5":2.4, "9":2.55, "9.5":2.7, "10":2.85, "10.5":3, "11":3.15, "11.5":3.3, "12":3.45, "12.5":3.6, "13":3.75, "13.5":3.9, "14":4.05, "14.5":4.2, "15":4.35, "15.5":4.5, "16":4.65},
	"1": { "0.5":0.00, "1":0.156875, "1.5":0.31375, "2":0.470625, "2.5":0.6275, "3":0.784375, "3.5":0.94125, "4":1.098125, "4.5":1.255, "5":1.411875, "5.5":1.56875, "6":1.725625, "6.5":1.8825, "7":2.039375, "7.5":2.19625, "8":2.353125, "8.5":2.51, "9":2.666875, "9.5":2.82375, "10":2.980625, "10.5":3.1375, "11":3.294375, "11.5":3.45125, "12":3.608125, "12.5":3.765, "13":3.921875, "13.5":4.07875, "14":4.235625, "14.5":4.3925, "15":4.549375, "15.5":4.70625, "16":4.863125},
	"2": { "0.5":0.00, "1":0.1625, "1.5":0.325, "2":0.4875, "2.5":0.65, "3":0.8125, "3.5":0.975, "4":1.1375, "4.5":1.3, "5":1.4625, "5.5":1.625, "6":1.7875, "6.5":1.95, "7":2.1125, "7.5":2.275, "8":2.4375, "8.5":2.6, "9":2.7625, "9.5":2.925, "10":3.0875, "10.5":3.25, "11":3.4125, "11.5":3.575, "12":3.7375, "12.5":3.9, "13":4.0625, "13.5":4.225, "14":4.3875, "14.5":4.55, "15":4.7125, "15.5":4.875, "16":5.0375},
	"3": { "0.5":0.00, "1":0.169375, "1.5":0.33875, "2":0.508125, "2.5":0.6775, "3":0.846875, "3.5":1.01625, "4":1.185625, "4.5":1.355, "5":1.524375, "5.5":1.69375, "6":1.863125, "6.5":2.0325, "7":2.201875, "7.5":2.37125, "8":2.540625, "8.5":2.71, "9":2.879375, "9.5":3.04875, "10":3.218125, "10.5":3.3875, "11":3.556875, "11.5":3.72625, "12":3.895625, "12.5":4.065, "13":4.234375, "13.5":4.40375, "14":4.573125, "14.5":4.7425, "15":4.911875, "15.5":5.08125, "16":5.250625},
	"4": { "0.5":0.00, "1":0.175, "1.5":0.35, "2":0.525, "2.5":0.7, "3":0.875, "3.5":1.05, "4":1.225, "4.5":1.4, "5":1.575, "5.5":1.75, "6":1.925, "6.5":2.1, "7":2.275, "7.5":2.45, "8":2.625, "8.5":2.8, "9":2.975, "9.5":3.15, "10":3.325, "10.5":3.5, "11":3.675, "11.5":3.85, "12":4.025, "12.5":4.2, "13":4.375, "13.5":4.55, "14":4.725, "14.5":4.9, "15":5.075, "15.5":5.25, "16":5.425},
	"5": { "0.5":0.00, "1":0.18125, "1.5":0.3625, "2":0.54375, "2.5":0.725, "3":0.90625, "3.5":1.0875, "4":1.26875, "4.5":1.45, "5":1.63125, "5.5":1.8125, "6":1.99375, "6.5":2.175, "7":2.35625, "7.5":2.5375, "8":2.71875, "8.5":2.9, "9":3.08125, "9.5":3.2625, "10":3.44375, "10.5":3.625, "11":3.80625, "11.5":3.9875, "12":4.16875, "12.5":4.35, "13":4.53125, "13.5":4.7125, "14":4.89375, "14.5":5.075, "15":5.25625, "15.5":5.4375, "16":5.61875},
	"6": { "0.5":0.00, "1":0.188125, "1.5":0.37625, "2":0.564375, "2.5":0.7525, "3":0.940625, "3.5":1.12875, "4":1.316875, "4.5":1.505, "5":1.693125, "5.5":1.88125, "6":2.069375, "6.5":2.2575, "7":2.445625, "7.5":2.63375, "8":2.821875, "8.5":3.01, "9":3.198125, "9.5":3.38625, "10":3.574375, "10.5":3.7625, "11":3.950625, "11.5":4.13875, "12":4.326875, "12.5":4.515, "13":4.703125, "13.5":4.89125, "14":5.079375, "14.5":5.2675, "15":5.455625, "15.5":5.64375, "16":5.831875},
	"7": { "0.5":0.00, "1":0.194375, "1.5":0.38875, "2":0.583125, "2.5":0.7775, "3":0.971875, "3.5":1.16625, "4":1.360625, "4.5":1.555, "5":1.749375, "5.5":1.94375, "6":2.138125, "6.5":2.3325, "7":2.526875, "7.5":2.72125, "8":2.915625, "8.5":3.11, "9":3.304375, "9.5":3.49875, "10":3.693125, "10.5":3.8875, "11":4.081875, "11.5":4.27625, "12":4.470625, "12.5":4.665, "13":4.859375, "13.5":5.05375, "14":5.248125, "14.5":5.4425, "15":5.636875, "15.5":5.83125, "16":6.025625},
	"8": { "0.5":0.00, "1":0.200938, "1.5":0.401875, "2":0.602813, "2.5":0.80375, "3":1.004688, "3.5":1.205625, "4":1.406563, "4.5":1.6075, "5":1.808438, "5.5":2.009375, "6":2.210313, "6.5":2.41125, "7":2.612188, "7.5":2.813125, "8":3.014063, "8.5":3.215, "9":3.415938, "9.5":3.616875, "10":3.817813, "10.5":4.01875, "11":4.219688, "11.5":4.420625, "12":4.621563, "12.5":4.8225, "13":5.023438, "13.5":5.224375, "14":5.425313, "14.5":5.62625, "15":5.827188, "15.5":6.028125, "16":6.229063},
	"9": { "0.5":0.00, "1":0.208438, "1.5":0.416875, "2":0.625313, "2.5":0.83375, "3":1.042188, "3.5":1.250625, "4":1.459063, "4.5":1.6675, "5":1.875938, "5.5":2.084375, "6":2.292813, "6.5":2.50125, "7":2.709688, "7.5":2.918125, "8":3.126563, "8.5":3.335, "9":3.543438, "9.5":3.751875, "10":3.960313, "10.5":4.16875, "11":4.377188, "11.5":4.585625, "12":4.794063, "12.5":5.0025, "13":5.210938, "13.5":5.419375, "14":5.627813, "14.5":5.83625, "15":6.044688, "15.5":6.253125, "16":6.461563},
	"10": { "0.5":0.00, "1":0.215625, "1.5":0.43125, "2":0.646875, "2.5":0.8625, "3":1.078125, "3.5":1.29375, "4":1.509375, "4.5":1.725, "5":1.940625, "5.5":2.15625, "6":2.371875, "6.5":2.5875, "7":2.803125, "7.5":3.01875, "8":3.234375, "8.5":3.45, "9":3.665625, "9.5":3.88125, "10":4.096875, "10.5":4.3125, "11":4.528125, "11.5":4.74375, "12":4.959375, "12.5":5.175, "13":5.390625, "13.5":5.60625, "14":5.821875, "14.5":6.0375, "15":6.253125, "15.5":6.46875, "16":6.684375},
	"11": { "0.5":0.00, "1":0.222813, "1.5":0.445625, "2":0.668438, "2.5":0.89125, "3":1.114063, "3.5":1.336875, "4":1.559688, "4.5":1.7825, "5":2.005313, "5.5":2.228125, "6":2.450938, "6.5":2.67375, "7":2.896563, "7.5":3.119375, "8":3.342188, "8.5":3.565, "9":3.787813, "9.5":4.010625, "10":4.233438, "10.5":4.45625, "11":4.679063, "11.5":4.901875, "12":5.124688, "12.5":5.3475, "13":5.570313, "13.5":5.793125, "14":6.015938, "14.5":6.23875, "15":6.461563, "15.5":6.684375, "16":6.907188},
	"12": { "0.5":0.00, "1":0.230313, "1.5":0.460625, "2":0.690938, "2.5":0.92125, "3":1.151563, "3.5":1.381875, "4":1.612188, "4.5":1.8425, "5":2.072813, "5.5":2.303125, "6":2.533438, "6.5":2.76375, "7":2.994063, "7.5":3.224375, "8":3.454688, "8.5":3.685, "9":3.915313, "9.5":4.145625, "10":4.375938, "10.5":4.60625, "11":4.836563, "11.5":5.066875, "12":5.297188, "12.5":5.5275, "13":5.757813, "13.5":5.988125, "14":6.218438, "14.5":6.44875, "15":6.679063, "15.5":6.909375, "16":7.139688},
	"13": { "0.5":0.00, "1":0.2375, "1.5":0.475, "2":0.7125, "2.5":0.95, "3":1.1875, "3.5":1.425, "4":1.6625, "4.5":1.9, "5":2.1375, "5.5":2.375, "6":2.6125, "6.5":2.85, "7":3.0875, "7.5":3.325, "8":3.5625, "8.5":3.8, "9":4.0375, "9.5":4.275, "10":4.5125, "10.5":4.75, "11":4.9875, "11.5":5.225, "12":5.4625, "12.5":5.7, "13":5.9375, "13.5":6.175, "14":6.4125, "14.5":6.65, "15":6.8875, "15.5":7.125, "16":7.3625},
	"14": { "0.5":0.00, "1":0.245, "1.5":0.49, "2":0.735, "2.5":0.98, "3":1.225, "3.5":1.47, "4":1.715, "4.5":1.96, "5":2.205, "5.5":2.45, "6":2.695, "6.5":2.94, "7":3.185, "7.5":3.43, "8":3.675, "8.5":3.92, "9":4.165, "9.5":4.41, "10":4.655, "10.5":4.9, "11":5.145, "11.5":5.39, "12":5.635, "12.5":5.88, "13":6.125, "13.5":6.37, "14":6.615, "14.5":6.86, "15":7.105, "15.5":7.35, "16":7.595},
	"15": { "0.5":0.00, "1":0.25375, "1.5":0.5075, "2":0.76125, "2.5":1.015, "3":1.26875, "3.5":1.5225, "4":1.77625, "4.5":2.03, "5":2.28375, "5.5":2.5375, "6":2.79125, "6.5":3.045, "7":3.29875, "7.5":3.5525, "8":3.80625, "8.5":4.06, "9":4.31375, "9.5":4.5675, "10":4.82125, "10.5":5.075, "11":5.32875, "11.5":5.5825, "12":5.83625, "12.5":6.09, "13":6.34375, "13.5":6.5975, "14":6.85125, "14.5":7.105, "15":7.35875, "15.5":7.6125, "16":7.86625},
	"16": { "0.5":0.00, "1":0.2625, "1.5":0.525, "2":0.7875, "2.5":1.05, "3":1.3125, "3.5":1.575, "4":1.8375, "4.5":2.1, "5":2.3625, "5.5":2.625, "6":2.8875, "6.5":3.15, "7":3.4125, "7.5":3.675, "8":3.9375, "8.5":4.2, "9":4.4625, "9.5":4.725, "10":4.9875, "10.5":5.25, "11":5.5125, "11.5":5.775, "12":6.0375, "12.5":6.3, "13":6.5625, "13.5":6.825, "14":7.0875, "14.5":7.35, "15":7.6125, "15.5":7.875, "16":8.1375},
	"17": { "0.5":0.00, "1":0.269375, "1.5":0.53875, "2":0.808125, "2.5":1.0775, "3":1.346875, "3.5":1.61625, "4":1.885625, "4.5":2.155, "5":2.424375, "5.5":2.69375, "6":2.963125, "6.5":3.2325, "7":3.501875, "7.5":3.77125, "8":4.040625, "8.5":4.31, "9":4.579375, "9.5":4.84875, "10":5.118125, "10.5":5.3875, "11":5.656875, "11.5":5.92625, "12":6.195625, "12.5":6.465, "13":6.734375, "13.5":7.00375, "14":7.273125, "14.5":7.5425,